"pkid","id_sensor","time","temperature","humidity"
"8","1","2016-11-04 20:26:36","16.7","56"
"10","1","2016-11-04 20:26:57","16.7","56.6"
"12","1","2016-11-04 20:27:17","16.8","57.8"
"14","1","2016-11-04 20:27:37","16.6","57.7"
"16","1","2016-11-04 20:27:58","16.4","58.1"
"18","1","2016-11-04 20:28:18","16.3","58.7"
"20","1","2016-11-04 20:28:38","16.1","59.2"
"22","1","2016-11-04 20:28:59","16","59.3"
"24","1","2016-11-04 20:29:19","15.8","60"
"26","1","2016-11-04 20:29:40","15.7","60"
"28","1","2016-11-04 20:30:00","15.6","60.2"
"30","1","2016-11-04 20:30:20","15.5","60.8"
"32","1","2016-11-04 20:30:41","15.4","60.8"
"34","1","2016-11-04 20:31:01","15.3","61.3"
"36","1","2016-11-04 20:31:21","15.3","61.4"
"38","1","2016-11-04 20:31:42","15.2","61.8"
"40","1","2016-11-04 20:32:02","15.2","62.4"
"42","1","2016-11-04 20:32:22","15.1","62.2"
"44","1","2016-11-04 20:32:43","15.1","62.4"
"46","1","2016-11-04 20:33:03","15","63.1"
"48","1","2016-11-04 20:33:23","15","62.3"
"50","1","2016-11-04 20:33:44","15","62.4"
"52","1","2016-11-04 20:34:04","14.9","62.3"
"54","1","2016-11-04 20:34:24","14.9","62.5"
"56","1","2016-11-04 20:34:44","14.9","62.6"
"58","1","2016-11-04 20:35:05","14.9","62.6"
"60","1","2016-11-04 20:35:25","14.8","62.7"
"62","1","2016-11-04 20:35:45","14.8","62.5"
"64","1","2016-11-04 20:36:06","14.8","62.5"
"66","1","2016-11-04 20:36:26","14.8","62.6"
"68","1","2016-11-04 20:36:46","14.8","62.7"
"70","1","2016-11-04 20:37:07","14.8","62.9"
"72","1","2016-11-04 20:37:27","14.8","62.9"
"74","1","2016-11-04 20:37:47","14.7","63.1"
"76","1","2016-11-04 20:38:07","14.7","63.1"
"78","1","2016-11-04 20:38:28","14.7","63"
"80","1","2016-11-04 20:38:48","14.7","63"
"82","1","2016-11-04 20:39:08","14.7","63.2"
"84","1","2016-11-04 20:39:29","14.7","63.5"
"86","1","2016-11-04 20:39:49","14.7","63.7"
"88","1","2016-11-04 20:40:09","14.7","63.8"
"90","1","2016-11-04 20:40:30","14.8","64.2"
"92","1","2016-11-04 20:40:50","14.7","64.4"
"94","1","2016-11-04 20:41:10","14.7","64.6"
"96","1","2016-11-04 20:41:31","14.7","64.6"
"98","1","2016-11-04 20:41:51","14.7","64"
"100","1","2016-11-04 20:42:11","14.7","64.6"
"102","1","2016-11-04 20:42:32","14.7","64.4"
"104","1","2016-11-04 20:42:52","14.7","64.4"
"106","1","2016-11-04 20:43:12","14.7","64.3"
"108","1","2016-11-04 20:43:32","14.7","64"
"110","1","2016-11-04 20:43:53","14.7","63.8"
"112","1","2016-11-04 20:44:13","14.7","63.8"
"114","1","2016-11-04 20:44:33","14.8","63.9"
"116","1","2016-11-04 20:44:54","14.7","63.8"
"118","1","2016-11-04 20:45:14","14.7","63.7"
"120","1","2016-11-04 20:45:34","14.7","63.8"
"122","1","2016-11-04 20:45:55","14.7","64"
"124","1","2016-11-04 20:46:15","14.7","64"
"126","1","2016-11-04 20:46:35","14.7","65.6"
"128","1","2016-11-04 20:46:55","14.7","64"
"130","1","2016-11-04 20:47:16","14.7","64"
"132","1","2016-11-04 20:47:36","14.7","63.9"
"134","1","2016-11-04 20:47:56","14.7","63.8"
"136","1","2016-11-04 20:48:17","14.7","63.8"
"138","1","2016-11-04 20:48:37","14.7","63.9"
"140","1","2016-11-04 20:48:57","14.7","63.9"
"142","1","2016-11-04 20:49:18","14.7","63.8"
"144","1","2016-11-04 20:49:38","14.7","63.9"
"146","1","2016-11-04 20:49:58","14.7","63.8"
"148","1","2016-11-04 20:50:18","14.7","63.8"
"150","1","2016-11-04 20:50:39","14.7","63.7"
"152","1","2016-11-04 20:50:59","14.7","63.8"
"154","1","2016-11-04 20:51:19","14.7","63.9"
"156","1","2016-11-04 20:51:40","14.7","63.8"
"158","1","2016-11-04 20:52:00","14.7","64"
"160","1","2016-11-04 20:52:20","14.7","63.9"
"162","1","2016-11-04 20:52:41","14.7","63.9"
"164","1","2016-11-04 20:53:01","14.6","63.7"
"166","1","2016-11-04 20:53:21","14.7","63.9"
"168","1","2016-11-04 20:53:41","14.6","63.8"
"170","1","2016-11-04 20:54:02","14.7","63.9"
"172","1","2016-11-04 20:54:22","14.7","67.7"
"174","1","2016-11-04 20:54:42","14.7","67"
"176","1","2016-11-04 20:55:03","14.7","68.2"
"178","1","2016-11-04 20:55:23","14.7","69"
"180","1","2016-11-04 20:55:43","14.7","69.2"
"182","1","2016-11-04 20:56:04","14.6","70.7"
"184","1","2016-11-04 20:56:24","14.7","67.7"
"186","1","2016-11-04 20:56:44","14.7","66"
"188","1","2016-11-04 20:57:04","14.6","67.7"
"190","1","2016-11-04 20:57:25","14.6","69"
"192","1","2016-11-04 20:57:45","14.6","70.3"
"194","1","2016-11-04 20:58:05","14.6","72.1"
"196","1","2016-11-04 20:58:26","14.7","74"
"198","1","2016-11-04 20:58:46","14.7","77.9"
"200","1","2016-11-04 20:59:06","14.7","83.8"
"202","1","2016-11-04 20:59:27","14.7","85.5"
"204","1","2016-11-04 20:59:47","14.7","85.2"
"206","1","2016-11-04 21:00:07","14.7","84.4"
"208","1","2016-11-04 21:00:28","14.7","85.3"
"210","1","2016-11-04 21:00:48","14.7","85.3"
"212","1","2016-11-04 21:01:08","14.7","83.5"
"214","1","2016-11-04 21:01:29","14.7","82.7"
"216","1","2016-11-04 21:01:49","14.7","82.2"
"218","1","2016-11-04 21:02:09","14.7","82"
"220","1","2016-11-04 21:02:29","14.7","82"
"222","1","2016-11-04 21:02:50","14.7","82.3"
"224","1","2016-11-04 21:03:10","14.7","79.7"
"226","1","2016-11-04 21:03:30","14.7","79.6"
"228","1","2016-11-04 21:03:51","14.7","79.3"
"230","1","2016-11-04 21:04:11","14.7","79.3"
"232","1","2016-11-04 21:04:31","14.7","80"
"234","1","2016-11-04 21:04:52","14.7","80"
"236","1","2016-11-04 21:05:12","14.7","76.1"
"238","1","2016-11-04 21:05:32","14.7","69.8"
"240","1","2016-11-04 21:05:52","14.7","69.9"
"242","1","2016-11-04 21:06:13","14.6","70.1"
"244","1","2016-11-04 21:06:33","14.6","69.5"
"246","1","2016-11-04 21:06:53","14.6","68.8"
"248","1","2016-11-04 21:07:14","14.7","69.2"
"250","1","2016-11-04 21:07:34","14.6","69.8"
"252","1","2016-11-04 21:07:54","14.6","70.4"
"254","1","2016-11-04 21:08:15","14.6","71.4"
"256","1","2016-11-04 21:08:35","14.6","72.6"
"258","1","2016-11-04 21:08:55","14.7","75.3"
"260","1","2016-11-04 21:09:15","14.7","76"
"262","1","2016-11-04 21:09:36","14.7","84.8"
"264","1","2016-11-04 21:09:56","14.7","82.6"
"266","1","2016-11-04 21:10:16","14.7","82.2"
"268","1","2016-11-04 21:10:37","14.7","81.4"
"270","1","2016-11-04 21:10:58","14.6","83.7"
"272","1","2016-11-04 21:11:19","14.7","86.3"
"274","1","2016-11-04 21:11:39","14.6","83.8"
"276","1","2016-11-04 21:11:59","14.6","82.5"
"278","1","2016-11-04 21:12:20","14.6","82.2"
"280","1","2016-11-04 21:12:40","14.7","82.2"
"282","1","2016-11-04 21:13:00","14.7","80.4"
"284","1","2016-11-04 21:13:21","14.7","80.3"
"286","1","2016-11-04 21:13:41","14.7","79.9"
"288","1","2016-11-04 21:14:01","14.7","78.2"
"290","1","2016-11-04 21:14:22","14.7","79.2"
"292","1","2016-11-04 21:14:42","14.7","78.9"
"294","1","2016-11-04 21:15:02","14.7","78.2"
"296","1","2016-11-04 21:15:22","14.7","77.5"
"298","1","2016-11-04 21:15:43","14.6","78.5"
"300","1","2016-11-04 21:16:03","14.7","77.5"
"302","1","2016-11-04 21:16:23","14.7","76.9"
"304","1","2016-11-04 21:16:44","14.7","76.1"
"306","1","2016-11-04 21:17:04","14.7","75"
"308","1","2016-11-04 21:17:24","14.6","74"
"310","1","2016-11-04 21:17:45","14.7","73.3"
"312","1","2016-11-04 21:18:05","14.6","72.6"
"314","1","2016-11-04 21:18:25","14.7","72"
"316","1","2016-11-04 21:18:46","14.7","70.8"
"318","1","2016-11-04 21:19:06","14.6","69.8"
"320","1","2016-11-04 21:19:26","14.6","69.2"
"322","1","2016-11-04 21:19:47","14.6","69.3"
"324","1","2016-11-04 21:20:07","14.6","69.5"
"326","1","2016-11-04 21:20:27","14.6","68.9"
"328","1","2016-11-04 21:20:48","14.6","68.5"
"330","1","2016-11-04 21:21:08","14.6","68.2"
"332","1","2016-11-04 21:21:28","14.7","67.4"
"334","1","2016-11-04 21:21:48","14.6","66.8"
"336","1","2016-11-04 21:22:09","14.6","66.3"
"338","1","2016-11-04 21:22:29","14.6","66.1"
"340","1","2016-11-04 21:22:49","14.7","65.6"
"342","1","2016-11-04 21:23:10","14.6","64.7"
"344","1","2016-11-04 21:23:30","14.6","64.2"
"346","1","2016-11-04 21:23:50","14.6","63.6"
"348","1","2016-11-04 21:24:11","14.6","63.1"
"350","1","2016-11-04 21:24:31","14.7","62.6"
"352","1","2016-11-04 21:24:51","14.7","62.5"
"354","1","2016-11-04 21:25:12","14.7","62.5"
"356","1","2016-11-04 21:25:32","14.6","62.4"
"358","1","2016-11-04 21:25:52","14.6","62.5"
"360","1","2016-11-04 21:26:12","14.6","62.5"
"362","1","2016-11-04 21:26:33","14.6","63.1"
"364","1","2016-11-04 21:26:53","14.7","62.6"
"366","1","2016-11-04 21:27:13","14.7","62.6"
"368","1","2016-11-04 21:27:34","14.6","62.5"
"370","1","2016-11-04 21:27:54","14.7","62.6"
"372","1","2016-11-04 21:28:14","14.6","62.4"
"374","1","2016-11-04 21:28:35","14.7","62.5"
"376","1","2016-11-04 21:28:55","14.7","62.5"
"378","1","2016-11-04 21:29:15","14.6","62.4"
"380","1","2016-11-04 21:29:36","14.6","62.4"
"382","1","2016-11-04 21:29:56","14.7","62.5"
"384","1","2016-11-04 21:30:16","14.6","62.3"
"386","1","2016-11-04 21:30:37","14.6","62.3"
"388","1","2016-11-04 21:30:57","14.6","62.3"
"390","1","2016-11-04 21:31:17","14.7","62.5"
"392","1","2016-11-04 21:31:37","14.7","62.7"
"394","1","2016-11-04 21:31:58","14.7","62.6"
"396","1","2016-11-04 21:32:18","14.7","62.6"
"398","1","2016-11-04 21:32:38","14.7","62.5"
"400","1","2016-11-04 21:32:59","14.7","62.6"
"402","1","2016-11-04 21:33:19","14.7","62.6"
"404","1","2016-11-04 21:33:39","14.7","62.7"
"406","1","2016-11-04 21:34:00","14.7","62.7"
"408","1","2016-11-04 21:34:20","14.7","62.7"
"410","1","2016-11-04 21:34:40","14.7","62.7"
"412","1","2016-11-04 21:35:01","14.7","62.7"
"414","1","2016-11-04 21:35:21","14.7","62.6"
"416","1","2016-11-04 21:35:41","14.8","62.5"
"418","1","2016-11-04 21:36:02","14.8","62.5"
"420","1","2016-11-04 21:36:22","14.8","62.6"
"422","1","2016-11-04 21:36:42","14.8","63"
"424","1","2016-11-04 21:37:02","14.8","63.2"
"426","1","2016-11-04 21:37:23","14.9","62.9"
"428","1","2016-11-04 21:37:43","14.9","86.2"
"430","1","2016-11-04 21:38:03","15","98.1"
"432","1","2016-11-04 21:38:24","15.1","99.9"
"434","1","2016-11-04 21:38:44","15.1","99.9"
"436","1","2016-11-04 21:39:04","15.2","99.9"
"438","1","2016-11-04 21:39:25","15.2","93.1"
"440","1","2016-11-04 21:39:45","15.4","96.4"
"442","1","2016-11-04 21:40:05","15.5","98.7"
"444","1","2016-11-04 21:40:26","15.6","99.7"
"446","1","2016-11-04 21:40:46","15.7","99.9"
"448","1","2016-11-04 21:41:06","15.6","99.9"
"450","1","2016-11-04 21:41:26","15.6","99.9"
"452","1","2016-11-04 21:41:47","15.5","99.2"
"454","1","2016-11-04 21:42:07","15.3","97.5"
"456","1","2016-11-04 21:42:27","15.3","95.6"
"458","1","2016-11-04 21:42:48","15.3","94.9"
"460","1","2016-11-04 21:43:08","15.3","94.4"
"462","1","2016-11-04 21:43:28","15.2","87.1"
"464","1","2016-11-04 21:43:49","15.2","89.3"
"466","1","2016-11-04 21:44:09","15.2","86.5"
"468","1","2016-11-04 21:44:29","15.2","82"
"470","1","2016-11-04 21:44:49","15.2","83"
"472","1","2016-11-04 21:45:10","15.3","84"
"474","1","2016-11-04 21:45:30","15.2","85"
"476","1","2016-11-04 21:45:50","15.2","84.7"
"478","1","2016-11-04 21:46:11","15.2","81.7"
"480","1","2016-11-04 21:46:31","15.2","79.4"
"482","1","2016-11-04 21:46:51","15.2","79.7"
"483","1","2016-11-04 21:47:12","15.2","80.2"
"484","1","2016-11-04 21:47:32","15.1","80.5"
"487","1","2016-11-04 21:47:52","15.2","81.2"
"489","1","2016-11-04 21:48:12","15.1","78"
"491","1","2016-11-04 21:48:33","15.1","76.2"
"493","1","2016-11-04 21:48:53","15.1","73.9"
"495","1","2016-11-04 21:49:13","15.1","72.6"
"497","1","2016-11-04 21:49:34","15.1","72.5"
"499","1","2016-11-04 21:49:54","15.1","72.7"
"501","1","2016-11-04 21:50:14","15.1","73.4"
"503","1","2016-11-04 21:50:35","15.1","72"
"505","1","2016-11-04 21:50:55","15.1","72.7"
"507","1","2016-11-04 21:51:15","15.1","73.1"
"509","1","2016-11-04 21:51:35","15.1","72.7"
"511","1","2016-11-04 21:51:56","15.1","72.3"
"513","1","2016-11-04 21:52:16","15.1","72.2"
"515","1","2016-11-04 21:52:36","15.1","72.7"
"517","1","2016-11-04 21:52:57","15.1","72.5"
"519","1","2016-11-04 21:53:17","15.1","72.7"
"521","1","2016-11-04 21:53:37","15.1","73"
"523","1","2016-11-04 21:53:58","15.1","73"
"525","1","2016-11-04 21:54:18","15.1","73.5"
"527","1","2016-11-04 21:54:38","15.1","74.1"
"529","1","2016-11-04 21:54:59","15.1","74.9"
"531","1","2016-11-04 21:55:19","15.1","75.4"
"533","1","2016-11-04 21:55:39","15.1","76.5"
"535","1","2016-11-04 21:55:59","15.1","76"
"537","1","2016-11-04 21:56:20","15.2","75.2"
"539","1","2016-11-04 21:56:40","15.1","74.2"
"541","1","2016-11-04 21:57:00","15.1","73.8"
"543","1","2016-11-04 21:57:21","15.1","74.2"
"545","1","2016-11-04 21:57:41","15.1","75"
"547","1","2016-11-04 21:58:01","15.1","75.4"
"549","1","2016-11-04 21:58:22","15.1","76"
"551","1","2016-11-04 21:58:42","15.2","75.3"
"553","1","2016-11-04 21:59:02","15.1","74.7"
"555","1","2016-11-04 21:59:23","15.1","75.1"
"557","1","2016-11-04 21:59:43","15.1","75.6"
"559","1","2016-11-04 22:00:03","15.1","76"
"561","1","2016-11-04 22:00:24","15.1","76.4"
"563","1","2016-11-04 22:00:44","15.1","77.2"
"565","1","2016-11-04 22:01:04","15.1","76.4"
"567","1","2016-11-04 22:01:24","15.2","76.3"
"569","1","2016-11-04 22:01:45","15.1","76.5"
"571","1","2016-11-04 22:02:06","15.1","76.2"
"573","1","2016-11-04 22:02:26","15.1","76.2"
"575","1","2016-11-04 22:02:46","15.1","76.1"
"577","1","2016-11-04 22:03:07","15.1","76.3"
"579","1","2016-11-04 22:03:27","15.1","75.9"
"581","1","2016-11-04 22:03:47","15.1","75.7"
"583","1","2016-11-04 22:04:07","15.1","75.4"
"585","1","2016-11-04 22:04:28","15.1","75.8"
"587","1","2016-11-04 22:04:48","15.1","75.5"
"589","1","2016-11-04 22:05:08","15.1","75.9"
"591","1","2016-11-04 22:05:29","15.1","76.2"
"593","1","2016-11-04 22:05:49","15.1","76.3"
"595","1","2016-11-04 22:06:09","15.1","76.1"
"597","1","2016-11-04 22:06:30","15.1","75.9"
"599","1","2016-11-04 22:06:50","15.1","75.7"
"601","1","2016-11-04 22:07:10","15.1","75.6"
"603","1","2016-11-04 22:07:31","15.1","75.7"
"605","1","2016-11-04 22:07:51","15.1","75.2"
"607","1","2016-11-04 22:08:11","15.1","75.5"
"609","1","2016-11-04 22:08:31","15.1","75.6"
"611","1","2016-11-04 22:08:52","15.1","76"
"613","1","2016-11-04 22:09:12","15.1","76.4"
"615","1","2016-11-04 22:09:32","15.1","76.7"
"617","1","2016-11-04 22:09:53","15.1","75.6"
"619","1","2016-11-04 22:10:13","15.1","74.7"
"621","1","2016-11-04 22:10:33","15.1","74.8"
"623","1","2016-11-04 22:10:54","15.1","75.5"
"625","1","2016-11-04 22:11:14","15.1","75"
"627","1","2016-11-04 22:11:34","15","73.8"
"629","1","2016-11-04 22:11:55","15","72.9"
"631","1","2016-11-04 22:12:15","15","72.4"
"633","1","2016-11-04 22:12:35","15","72.3"
"635","1","2016-11-04 22:12:56","15","72.8"
"637","1","2016-11-04 22:13:16","15","72.9"
"639","1","2016-11-04 22:13:36","15","73.5"
"641","1","2016-11-04 22:13:57","15","73.4"
"643","1","2016-11-04 22:14:17","15","73.1"
"645","1","2016-11-04 22:14:37","15","72.7"
"647","1","2016-11-04 22:14:57","15","72.8"
"649","1","2016-11-04 22:15:18","15","72.3"
"651","1","2016-11-04 22:15:38","15","71.9"
"653","1","2016-11-04 22:15:58","15","72.9"
"655","1","2016-11-04 22:16:19","15","72.2"
"657","1","2016-11-04 22:16:39","15","72.3"
"659","1","2016-11-04 22:16:59","15","72.5"
"661","1","2016-11-04 22:17:20","15","72.7"
"663","1","2016-11-04 22:17:40","15","72.6"
"665","1","2016-11-04 22:18:00","15","72.5"
"667","1","2016-11-04 22:18:21","15","72.8"
"669","1","2016-11-04 22:18:41","15","72.9"
"671","1","2016-11-04 22:19:01","15","72.9"
"673","1","2016-11-04 22:19:21","15","73"
"675","1","2016-11-04 22:19:42","15","72.4"
"677","1","2016-11-04 22:20:02","15","71.8"
"679","1","2016-11-04 22:20:22","15","71.9"
"681","1","2016-11-04 22:20:43","15","71.3"
"683","1","2016-11-04 22:21:03","15","71.7"
"684","1","2016-11-04 22:21:23","15","71.6"
"687","1","2016-11-04 22:21:44","15","71.2"
"689","1","2016-11-04 22:22:04","15","71.1"
"691","1","2016-11-04 22:22:25","15","70.6"
"693","1","2016-11-04 22:22:45","15","70.7"
"695","1","2016-11-04 22:23:05","15","70.8"
"697","1","2016-11-04 22:23:25","15","71.4"
"699","1","2016-11-04 22:23:46","15","70.8"
"701","1","2016-11-04 22:24:06","15","70.4"
"703","1","2016-11-04 22:24:26","15","69.9"
"705","1","2016-11-04 22:24:47","15","69.9"
"707","1","2016-11-04 22:25:07","15","69.8"
"709","1","2016-11-04 22:25:27","15","69.2"
"711","1","2016-11-04 22:25:48","15","68.9"
"713","1","2016-11-04 22:26:08","15","68.8"
"715","1","2016-11-04 22:26:28","15","68.6"
"717","1","2016-11-04 22:26:49","15","68.6"
"719","1","2016-11-04 22:27:09","15","68.6"
"721","1","2016-11-04 22:27:29","15","68.6"
"723","1","2016-11-04 22:27:49","15","68.3"
"725","1","2016-11-04 22:28:10","15","67.8"
"727","1","2016-11-04 22:28:30","15","67.5"
"729","1","2016-11-04 22:28:50","15","67.3"
"731","1","2016-11-04 22:29:11","14.9","67.4"
"733","1","2016-11-04 22:29:31","15","67.8"
"735","1","2016-11-04 22:29:51","15","67.7"
"737","1","2016-11-04 22:30:12","15","67.8"
"739","1","2016-11-04 22:30:32","15","67.9"
"741","1","2016-11-04 22:30:52","15","68.2"
"743","1","2016-11-04 22:31:13","15","68.3"
"745","1","2016-11-04 22:31:33","15","68"
"747","1","2016-11-04 22:31:53","15","67.4"
"749","1","2016-11-04 22:32:13","15","67.8"
"751","1","2016-11-04 22:32:34","14.9","67.7"
"753","1","2016-11-04 22:32:54","15","67.5"
"755","1","2016-11-04 22:33:14","15","67.3"
"757","1","2016-11-04 22:33:35","14.9","68.2"
"759","1","2016-11-04 22:33:55","14.9","67.7"
"761","1","2016-11-04 22:34:15","14.9","67.1"
"763","1","2016-11-04 22:34:36","14.9","67.1"
"765","1","2016-11-04 22:34:56","14.9","66.8"
"767","1","2016-11-04 22:35:16","15","66.4"
"769","1","2016-11-04 22:35:37","14.9","66.5"
"771","1","2016-11-04 22:35:57","14.9","67.4"
"773","1","2016-11-04 22:36:17","14.9","67.2"
"775","1","2016-11-04 22:36:38","14.9","67.1"
"777","1","2016-11-04 22:36:58","14.9","66.9"
"779","1","2016-11-04 22:37:18","14.9","66.7"
"780","1","2016-11-05 10:56:15","15.2","93.6"
"781","1","2016-11-05 10:56:36","15.2","94.2"
"782","1","2016-11-05 10:56:56","15.1","94.6"
"783","1","2016-11-05 10:57:16","15.2","95.1"
"785","1","2016-11-05 10:57:37","15.2","95"
"787","1","2016-11-05 10:57:57","15.2","94.9"
"789","1","2016-11-05 10:58:17","15.2","95.3"
"791","1","2016-11-05 10:58:37","15.2","95.1"
"793","1","2016-11-05 10:58:58","15.2","95.3"
"795","1","2016-11-05 10:59:18","15.2","95.5"
"797","1","2016-11-05 10:59:38","15.1","95.6"
"799","1","2016-11-05 10:59:59","15.1","95.5"
"801","1","2016-11-05 11:00:19","15.2","95.5"
"803","1","2016-11-05 11:00:39","15.2","95.2"
"805","1","2016-11-05 11:01:00","15.2","95.2"
"807","1","2016-11-05 11:01:20","15.2","95.1"
"809","1","2016-11-05 11:01:40","15.2","95.2"
"811","1","2016-11-05 11:02:00","15.1","95.3"
"813","1","2016-11-05 11:02:21","15.2","95"
"815","1","2016-11-05 11:02:41","15.1","94.7"
"817","1","2016-11-05 11:03:01","15.1","94.7"
"819","1","2016-11-05 11:03:22","15.1","94.9"
"821","1","2016-11-05 11:03:42","15.1","95"
"823","1","2016-11-05 11:04:02","15.2","94.9"
"825","1","2016-11-05 11:04:23","15.1","94.9"
"827","1","2016-11-05 11:04:43","15.1","95"
"829","1","2016-11-05 11:05:04","15.1","94.6"
"831","1","2016-11-05 11:05:24","15.1","94.5"
"833","1","2016-11-05 11:05:44","15.1","93.7"
"835","1","2016-11-05 11:06:04","15.1","94.2"
"837","1","2016-11-05 11:06:25","15.1","94.2"
"839","1","2016-11-05 11:06:45","15.1","94"
"841","1","2016-11-05 11:07:05","15.1","93.8"
"843","1","2016-11-05 11:07:26","15.1","93.5"
"845","1","2016-11-05 11:07:46","15.1","93.3"
"847","1","2016-11-05 11:08:06","15.1","93.7"
"849","1","2016-11-05 11:08:27","15.1","93.8"
"851","1","2016-11-05 11:08:47","15.1","93.5"
"853","1","2016-11-05 11:09:07","15.1","94.3"
"855","1","2016-11-05 11:09:27","15.1","94.7"
"857","1","2016-11-05 11:09:48","15.1","93.9"
"859","1","2016-11-05 11:10:08","15.1","93.7"
"861","1","2016-11-05 11:10:28","15.1","93.5"
"863","1","2016-11-05 11:10:49","15.1","93.4"
"865","1","2016-11-05 11:11:09","15.1","93.2"
"867","1","2016-11-05 11:11:29","15.1","93.2"
"869","1","2016-11-05 11:11:50","15.1","93.2"
"871","1","2016-11-05 11:12:10","15.1","93.2"
"873","1","2016-11-05 11:12:30","15.1","93.2"
"875","1","2016-11-05 11:12:50","15.1","93.2"
"877","1","2016-11-05 11:13:11","15.1","92.9"
"879","1","2016-11-05 11:13:31","15.1","92.6"
"881","1","2016-11-05 11:13:51","15.1","92.4"
"883","1","2016-11-05 11:14:12","15.1","92.4"
"885","1","2016-11-05 11:14:32","15.1","92.2"
"886","1","2016-11-05 11:14:53","15.1","92.4"
"888","1","2016-11-05 11:15:13","15.1","92.4"
"890","1","2016-11-05 11:15:33","15.1","92.6"
"892","1","2016-11-05 11:15:54","15.1","92.6"
"894","1","2016-11-05 11:16:14","15.1","92.5"
"896","1","2016-11-05 11:16:34","15","92"
"898","1","2016-11-05 11:16:55","15.1","92.4"
"900","1","2016-11-05 11:17:15","15.1","92.3"
"902","1","2016-11-05 11:17:35","15.1","92.8"
"904","1","2016-11-05 11:17:55","15.1","92.2"
"906","1","2016-11-05 11:18:16","15.1","91.9"
"908","1","2016-11-05 11:18:36","15.1","91.8"
"910","1","2016-11-05 11:18:56","15.1","91.7"
"912","1","2016-11-05 11:19:17","15.1","91.6"
"914","1","2016-11-05 11:19:37","15.1","91.7"
"916","1","2016-11-05 11:19:57","15","92.2"
"918","1","2016-11-05 11:20:18","15.1","92.7"
"920","1","2016-11-05 11:20:38","15.1","94.3"
"922","1","2016-11-05 11:20:58","15","94.4"
"924","1","2016-11-05 11:21:18","15.1","93.9"
"926","1","2016-11-05 11:21:39","15","93.6"
"928","1","2016-11-05 11:21:59","15","93.3"
"930","1","2016-11-05 11:22:19","15","92.9"
"932","1","2016-11-05 11:22:40","15","92.6"
"934","1","2016-11-05 11:23:00","15","92.4"
"936","1","2016-11-05 11:23:20","15","92.5"
"938","1","2016-11-05 11:23:41","15","92.1"
"940","1","2016-11-05 11:24:01","15","92.2"
"942","1","2016-11-05 11:24:21","15","92.3"
"944","1","2016-11-05 11:24:41","15","92.1"
"946","1","2016-11-05 11:25:02","15.1","92.1"
"948","1","2016-11-05 11:25:22","15","92.1"
"950","1","2016-11-05 11:25:42","15","92.1"
"952","1","2016-11-05 11:26:03","15","92.2"
"954","1","2016-11-05 11:26:23","15","92.1"
"956","1","2016-11-05 11:26:43","15","91.9"
"958","1","2016-11-05 11:27:04","15","92.4"
"960","1","2016-11-05 11:27:24","15","91.3"
"962","1","2016-11-05 11:27:44","15","91.1"
"964","1","2016-11-05 11:28:05","15","91.1"
"966","1","2016-11-05 11:28:25","15","91.8"
"968","1","2016-11-05 11:28:45","15","91.1"
"970","1","2016-11-05 11:29:05","15","91.8"
"972","1","2016-11-05 11:29:26","15","91.3"
"974","1","2016-11-05 11:29:46","15","91.2"
"976","1","2016-11-05 11:30:06","15","91.2"
"978","1","2016-11-05 11:30:27","15","91.1"
"980","1","2016-11-05 11:30:47","15","90.5"
"982","1","2016-11-05 11:31:07","15","90.6"
"984","1","2016-11-05 11:31:28","15","90.5"
"986","1","2016-11-05 11:31:48","15","90.3"
"988","1","2016-11-05 11:32:08","15","90.2"
"990","1","2016-11-05 11:32:28","15","90.7"
"992","1","2016-11-05 11:32:49","15","91.6"
"994","1","2016-11-05 11:33:09","15","91.6"
"996","1","2016-11-05 11:33:29","15","91.6"
"998","1","2016-11-05 11:33:50","15","91.3"
"1000","1","2016-11-05 11:34:10","15","91"
"1002","1","2016-11-05 11:34:30","15","90.7"
"1004","1","2016-11-05 11:34:51","15","90.1"
"1006","1","2016-11-05 11:35:11","15","90"
"1008","1","2016-11-05 11:35:31","15","90"
"1010","1","2016-11-05 11:35:51","15","89.6"
"1012","1","2016-11-05 11:36:12","15","89"
"1014","1","2016-11-05 11:36:32","15","89"
"1016","1","2016-11-05 11:36:52","15","89.3"
"1018","1","2016-11-05 11:37:13","15","89.4"
"1020","1","2016-11-05 11:37:33","15","88.6"
"1022","1","2016-11-05 11:37:53","15","88.7"
"1024","1","2016-11-05 11:38:14","15","89"
"1026","1","2016-11-05 11:38:34","15","89.3"
"1028","1","2016-11-05 11:38:54","15","89.8"
"1030","1","2016-11-05 11:39:15","15","89.1"
"1032","1","2016-11-05 11:39:35","15","89.2"
"1034","1","2016-11-05 11:39:55","15","89.3"
"1036","1","2016-11-05 11:40:15","15","89.1"
"1038","1","2016-11-05 11:40:36","15","89"
"1040","1","2016-11-05 11:40:56","15","88.6"
"1042","1","2016-11-05 11:41:16","15","88.2"
"1044","1","2016-11-05 11:41:37","15","88.1"
"1046","1","2016-11-05 11:41:57","15","88.1"
"1048","1","2016-11-05 11:42:17","15","88.1"
"1050","1","2016-11-05 11:42:37","15","87.9"
"1052","1","2016-11-05 11:42:58","15","88.1"
"1054","1","2016-11-05 11:43:18","15","88"
"1056","1","2016-11-05 11:43:38","15","88.2"
"1058","1","2016-11-05 11:43:59","15.1","88.7"
"1060","1","2016-11-05 11:44:19","15","88.7"
"1062","1","2016-11-05 11:44:39","15","88.8"
"1064","1","2016-11-05 11:45:00","15","88.5"
"1066","1","2016-11-05 11:45:20","15","88.7"
"1068","1","2016-11-05 11:45:40","15","88.7"
"1070","1","2016-11-05 11:46:01","15","88.6"
"1072","1","2016-11-05 11:46:21","15.1","88.6"
"1074","1","2016-11-05 11:46:41","15.1","88.8"
"1076","1","2016-11-05 11:47:01","15","88.7"
"1078","1","2016-11-05 11:47:22","15.1","89"
"1080","1","2016-11-05 11:47:42","15","89.3"
"1082","1","2016-11-05 11:48:02","15","89.6"
"1084","1","2016-11-05 11:48:23","15.1","89.6"
"1086","1","2016-11-05 11:48:43","15","88.9"
"1088","1","2016-11-05 11:49:03","15","89.1"
"1090","1","2016-11-05 11:49:24","15","89.2"
"1092","1","2016-11-05 11:49:44","15.1","90"
"1094","1","2016-11-05 11:50:04","15","89.8"
"1096","1","2016-11-05 11:50:24","15","89.8"
"1098","1","2016-11-05 11:50:45","15","89.6"
"1100","1","2016-11-05 11:51:05","15","89.1"
"1102","1","2016-11-05 11:51:25","15","89.4"
"1104","1","2016-11-05 11:51:46","15.1","89.4"
"1106","1","2016-11-05 11:52:06","15","88.9"
"1108","1","2016-11-05 11:52:26","15","88.9"
"1110","1","2016-11-05 11:52:47","15","89"
"1112","1","2016-11-05 11:53:07","15","89"
"1114","1","2016-11-05 11:53:27","15","88.9"
"1116","1","2016-11-05 11:53:48","15","88.5"
"1118","1","2016-11-05 11:54:08","15","88.4"
"1120","1","2016-11-05 11:54:28","15","88.4"
"1122","1","2016-11-05 11:54:48","15","89.5"
"1124","1","2016-11-05 11:55:09","15","88.7"
"1126","1","2016-11-05 11:55:29","15","88.8"
"1128","1","2016-11-05 11:55:49","15","88.6"
"1130","1","2016-11-05 11:56:10","15","88.3"
"1132","1","2016-11-05 11:56:30","15","88.4"
"1134","1","2016-11-05 11:56:50","15","89.2"
"1136","1","2016-11-05 11:57:11","15","89.3"
"1138","1","2016-11-05 11:57:31","15","88.8"
"1140","1","2016-11-05 11:57:51","15","88.8"
"1142","1","2016-11-05 11:58:12","15","88.4"
"1144","1","2016-11-05 11:58:32","15","88.1"
"1146","1","2016-11-05 11:58:52","15","89.1"
"1148","1","2016-11-05 11:59:12","15","88.1"
"1150","1","2016-11-05 11:59:33","15","88.2"
"1152","1","2016-11-05 11:59:53","15.1","89.8"
"1154","1","2016-11-05 12:00:13","15.1","90.8"
"1156","1","2016-11-05 12:00:34","15.1","91.8"
"1158","1","2016-11-05 12:00:54","15.1","91.6"
"1160","1","2016-11-05 12:01:14","15.1","92.4"
"1162","1","2016-11-05 12:01:35","15.2","91.7"
"1164","1","2016-11-05 12:01:55","15.1","91.5"
"1166","1","2016-11-05 12:02:15","15.1","90.6"
"1168","1","2016-11-05 12:02:35","15.2","91"
"1170","1","2016-11-05 12:02:56","15.1","90.2"
"1172","1","2016-11-05 12:03:16","15.1","89.9"
"1174","1","2016-11-05 12:03:36","15.1","89.5"
"1176","1","2016-11-05 12:03:57","15.1","89.1"
"1178","1","2016-11-05 12:04:17","15","88.1"
"1180","1","2016-11-05 12:04:37","15","87.6"
"1182","1","2016-11-05 12:04:58","15","78.3"
"1184","1","2016-11-05 12:05:18","15","76.3"
"1186","1","2016-11-05 12:05:38","15","75.6"
"1188","1","2016-11-05 12:05:59","15","74.1"
"1190","1","2016-11-05 12:06:19","14.9","73.1"
"1192","1","2016-11-05 12:06:39","14.9","73"
"1194","1","2016-11-05 12:06:59","14.9","64.6"
"1196","1","2016-11-05 12:07:20","14.9","64.7"
"1198","1","2016-11-05 12:07:40","14.9","64.7"
"1200","1","2016-11-05 12:08:00","14.9","64.7"
"1202","1","2016-11-05 12:08:21","14.9","64.6"
"1204","1","2016-11-05 12:08:41","14.8","64.4"
"1206","1","2016-11-05 12:09:01","14.9","64.5"
"1208","1","2016-11-05 12:09:22","14.9","64.5"
"1210","1","2016-11-05 12:09:42","14.8","64.2"
"1212","1","2016-11-05 12:10:02","14.8","64.2"
"1214","1","2016-11-05 12:10:22","14.8","64.2"
"1216","1","2016-11-05 12:10:43","14.8","64.1"
"1218","1","2016-11-05 12:11:03","14.8","64.1"
"1220","1","2016-11-05 12:11:23","14.8","64.1"
"1222","1","2016-11-05 12:11:44","14.7","64"
"1224","1","2016-11-05 12:12:04","14.7","64.1"
"1226","1","2016-11-05 12:12:24","14.8","64.2"
"1228","1","2016-11-05 12:12:45","14.7","64.2"
"1230","1","2016-11-05 12:13:05","14.8","64.2"
"1232","1","2016-11-05 12:13:25","14.8","64.2"
"1234","1","2016-11-05 12:13:46","14.7","64.1"
"1236","1","2016-11-05 12:14:06","14.7","64.5"
"1238","1","2016-11-05 12:14:26","14.8","65.1"
"1240","1","2016-11-05 12:14:47","14.8","73.6"
"1242","1","2016-11-05 12:15:07","14.7","77.6"
"1244","1","2016-11-05 12:15:27","14.7","76.7"
"1246","1","2016-11-05 12:15:47","14.7","76.7"
"1248","1","2016-11-05 12:16:08","14.7","76.7"
"1250","1","2016-11-05 12:16:28","14.7","76.5"
"1252","1","2016-11-05 12:16:48","14.7","76.7"
"1254","1","2016-11-05 12:17:09","14.8","77"
"1256","1","2016-11-05 12:17:29","14.7","77.5"
"1258","1","2016-11-05 12:17:49","14.7","77.8"
"1260","1","2016-11-05 12:18:09","14.7","78.1"
"1262","1","2016-11-05 12:18:30","14.7","78.2"
"1264","1","2016-11-05 12:18:50","14.7","79.2"
"1266","1","2016-11-05 12:19:10","14.7","79.4"
"1268","1","2016-11-05 12:19:31","14.7","79.4"
"1270","1","2016-11-05 12:19:51","14.7","79.5"
"1272","1","2016-11-05 12:20:12","14.7","79.7"
"1274","1","2016-11-05 12:20:32","14.6","79.7"
"1276","1","2016-11-05 12:20:52","14.7","79.8"
"1278","1","2016-11-05 12:21:12","14.7","80.1"
"1280","1","2016-11-05 12:21:33","14.7","80.7"
"1282","1","2016-11-05 12:21:53","14.7","80.8"
"1284","1","2016-11-05 12:22:13","14.7","80.7"
"1286","1","2016-11-05 12:22:34","14.7","80.7"
"1288","1","2016-11-05 12:22:54","14.7","80.5"
"1290","1","2016-11-05 12:23:14","14.7","80.5"
"1292","1","2016-11-05 12:23:35","14.6","80.5"
"1294","1","2016-11-05 12:23:55","14.6","80.9"
"1296","1","2016-11-05 12:24:15","14.7","81.2"
"1298","1","2016-11-05 12:24:35","14.6","81.5"
"1300","1","2016-11-05 12:24:56","14.6","82"
"1302","1","2016-11-05 12:25:16","14.6","82.5"
"1304","1","2016-11-05 12:25:36","14.6","82.8"
"1306","1","2016-11-05 12:25:57","14.7","83.5"
"1308","1","2016-11-05 12:26:17","14.6","84"
"1310","1","2016-11-05 12:26:37","14.6","84.6"
"1312","1","2016-11-05 12:26:58","14.6","85.4"
"1314","1","2016-11-05 12:27:18","14.6","87"
"1316","1","2016-11-05 12:27:38","14.6","87.9"
"1318","1","2016-11-05 12:27:58","14.6","88.1"
"1320","1","2016-11-05 12:28:19","14.6","80.7"
"1322","1","2016-11-05 12:28:39","14.6","79.1"
"1324","1","2016-11-05 12:28:59","14.6","78.9"
"1326","1","2016-11-05 12:29:20","14.6","79.6"
"1328","1","2016-11-05 12:29:40","14.6","85.1"
"1330","1","2016-11-05 12:30:00","14.6","85.5"
"1332","1","2016-11-05 12:30:21","14.6","82.8"
"1334","1","2016-11-05 12:30:41","14.6","84.1"
"1336","1","2016-11-05 12:31:01","14.6","85.5"
"1338","1","2016-11-05 12:31:21","14.6","86.3"
"1340","1","2016-11-05 12:31:42","14.6","87"
"1342","1","2016-11-05 12:32:02","14.6","87.8"
"1344","1","2016-11-05 12:32:22","14.6","88.6"
"1346","1","2016-11-05 12:32:43","14.6","89.5"
"1348","1","2016-11-05 12:33:03","14.6","90.6"
"1350","1","2016-11-05 12:33:23","14.6","92.5"
"1352","1","2016-11-05 12:33:44","14.6","92.4"
"1354","1","2016-11-05 12:34:04","14.6","91.7"
"1356","1","2016-11-05 12:34:24","14.6","90.8"
"1358","1","2016-11-05 12:34:44","14.6","92"
"1360","1","2016-11-05 12:35:05","14.6","91.3"
"1362","1","2016-11-05 12:35:25","14.6","88.4"
"1364","1","2016-11-05 12:35:45","14.6","86.9"
"1366","1","2016-11-05 12:36:06","14.6","85.9"
"1368","1","2016-11-05 12:36:26","14.6","85.1"
"1370","1","2016-11-05 12:36:46","14.6","84.7"
"1372","1","2016-11-05 12:37:07","14.6","84.3"
"1374","1","2016-11-05 12:37:27","14.6","83.8"
"1376","1","2016-11-05 12:37:47","14.6","83.4"
"1378","1","2016-11-05 12:38:07","14.6","83.2"
"1380","1","2016-11-05 12:38:28","14.6","82.9"
"1382","1","2016-11-05 12:38:48","14.6","82.8"
"1384","1","2016-11-05 12:39:08","14.6","82.8"
"1386","1","2016-11-05 12:39:29","14.6","82.9"
"1388","1","2016-11-05 12:39:49","14.6","83"
"1390","1","2016-11-05 12:40:09","14.6","83.1"
"1392","1","2016-11-05 12:40:30","14.6","83.2"
"1394","1","2016-11-05 12:40:50","14.6","83.5"
"1396","1","2016-11-05 12:41:10","14.6","84.1"
"1398","1","2016-11-05 12:41:31","14.6","84.6"
"1400","1","2016-11-05 12:41:51","14.6","84.8"
"1402","1","2016-11-05 12:42:11","14.6","84.9"
"1404","1","2016-11-05 12:42:31","14.6","84.9"
"1406","1","2016-11-05 12:42:52","14.6","85.1"
"1408","1","2016-11-05 12:43:12","14.6","85.2"
"1410","1","2016-11-05 12:43:32","14.6","85.4"
"1412","1","2016-11-05 12:43:53","14.6","85.8"
"1414","1","2016-11-05 12:44:13","14.5","86.1"
"1416","1","2016-11-05 12:44:33","14.6","86.4"
"1418","1","2016-11-05 12:44:54","14.6","86.6"
"1420","1","2016-11-05 12:45:14","14.5","86.7"
"1422","1","2016-11-05 12:45:34","14.5","86.9"
"1423","1","2016-11-05 12:45:54","14.5","87.1"
"1425","1","2016-11-05 12:46:15","14.5","87.1"
"1427","1","2016-11-05 12:46:35","14.5","87.1"
"1429","1","2016-11-05 12:46:55","14.5","87.1"
"1431","1","2016-11-05 12:47:16","14.5","87.1"
"1433","1","2016-11-05 12:47:36","14.6","87.2"
"1435","1","2016-11-05 12:47:56","14.5","87.3"
"1437","1","2016-11-05 12:48:17","14.5","87.5"
"1439","1","2016-11-05 12:48:37","14.5","87.6"
"1441","1","2016-11-05 12:48:57","14.5","87.8"
"1443","1","2016-11-05 12:49:17","14.6","88.1"
"1445","1","2016-11-05 12:49:38","14.5","88.8"
"1447","1","2016-11-05 12:49:58","14.6","89.3"
"1449","1","2016-11-05 12:50:18","14.5","89.5"
"1451","1","2016-11-05 12:50:39","14.6","90"
"1453","1","2016-11-05 12:50:59","14.6","90.7"
"1455","1","2016-11-05 12:51:19","14.6","91.1"
"1457","1","2016-11-05 12:51:40","14.6","89.4"
"1459","1","2016-11-05 12:52:00","14.5","89.5"
"1461","1","2016-11-05 12:52:20","14.6","89.5"
"1463","1","2016-11-05 12:52:40","14.6","89.8"
"1465","1","2016-11-05 12:53:01","14.5","90.2"
"1467","1","2016-11-05 12:53:21","14.5","91.3"
"1469","1","2016-11-05 12:53:41","14.5","97.3"
"1471","1","2016-11-05 12:54:02","0","99.9"
"1473","1","2016-11-05 12:54:22","0","79.6"
"1475","1","2016-11-05 12:54:42","0","99.9"
"1477","1","2016-11-05 12:55:03","0","99.9"
"1479","1","2016-11-05 12:55:23","0","99.9"
"1481","1","2016-11-05 12:55:43","0","99.9"
"1483","1","2016-11-05 12:56:03","0","0"
"1485","1","2016-11-05 12:56:24","0","0"
"1487","1","2016-11-05 12:56:44","0","0"
"1489","1","2016-11-05 12:57:04","0","0"
"1491","1","2016-11-05 12:57:25","0","0"
"1493","1","2016-11-05 12:57:45","0","0"
"1495","1","2016-11-05 12:58:05","0","0"
"1497","1","2016-11-05 12:58:26","0","0"
"1499","1","2016-11-05 12:58:46","0","0"
"1501","1","2016-11-05 12:59:06","0","0"
"1503","1","2016-11-05 12:59:26","0","0"
"1505","1","2016-11-05 12:59:47","0","0"
"1507","1","2016-11-05 13:00:07","0","0"
"1509","1","2016-11-05 13:00:27","0","0"
"1511","1","2016-11-05 13:00:48","14.5","69.8"
"1513","1","2016-11-05 13:01:08","14.6","68.8"
"1515","1","2016-11-05 13:01:28","14.6","68.3"
"1517","1","2016-11-05 13:01:49","14.6","68"
"1519","1","2016-11-05 13:02:09","14.6","67.5"
"1521","1","2016-11-05 13:02:29","14.5","69.5"
"1523","1","2016-11-05 13:02:49","14.5","66.2"
"1525","1","2016-11-05 13:03:10","14.5","65.3"
"1527","1","2016-11-05 13:03:30","14.5","65.6"
"1529","1","2016-11-05 13:03:50","14.5","65.1"
"1531","1","2016-11-05 13:04:11","14.5","65.1"
"1533","1","2016-11-05 13:04:31","14.5","64.8"
"1535","1","2016-11-05 13:04:51","14.5","64.8"
"1537","1","2016-11-05 13:05:12","14.5","64.6"
"1539","1","2016-11-05 13:05:32","14.5","64.6"
"1541","1","2016-11-05 13:05:52","14.4","64.5"
"1543","1","2016-11-05 13:06:13","14.5","64.8"
"1545","1","2016-11-05 13:06:33","14.5","64.7"
"1547","1","2016-11-05 13:06:53","14.4","64.5"
"1549","1","2016-11-05 13:07:14","14.5","64.6"
"1551","1","2016-11-05 13:07:34","14.5","64.4"
"1553","1","2016-11-05 13:07:54","14.4","64.3"
"1555","1","2016-11-05 13:08:14","14.5","64.4"
"1557","1","2016-11-05 13:08:35","14.5","64.4"
"1559","1","2016-11-05 13:08:55","14.4","64.2"
"1561","1","2016-11-05 13:09:15","14.4","64.2"
"1563","1","2016-11-05 13:09:36","14.5","64.3"
"1565","1","2016-11-05 13:09:56","14.5","64.3"
"1567","1","2016-11-05 13:10:16","14.4","64.5"
"1569","1","2016-11-05 13:10:37","14.5","65.7"
"1571","1","2016-11-05 13:10:57","14.5","65.4"
"1573","1","2016-11-05 13:11:17","14.5","66"
"1575","1","2016-11-05 13:11:38","14.5","66.4"
"1577","1","2016-11-05 13:11:58","14.5","66.5"
"1579","1","2016-11-05 13:12:18","14.5","67"
"1581","1","2016-11-05 13:12:38","14.5","66.2"
"1583","1","2016-11-05 13:12:59","14.6","66.3"
"1585","1","2016-11-05 13:13:19","14.6","66.5"
"1587","1","2016-11-05 13:13:39","14.6","66.5"
"1589","1","2016-11-05 13:14:00","14.6","66.5"
"1591","1","2016-11-05 13:14:20","14.6","66.3"
"1593","1","2016-11-05 13:14:40","14.6","66.3"
"1595","1","2016-11-05 13:15:01","14.6","66.4"
"1597","1","2016-11-05 13:15:21","14.6","66.5"
"1599","1","2016-11-05 13:15:41","14.6","66.4"
"1601","1","2016-11-05 13:16:01","14.6","66.5"
"1603","1","2016-11-05 13:16:22","14.6","66.4"
"1605","1","2016-11-05 13:16:42","14.7","66.5"
"1607","1","2016-11-05 13:17:02","14.7","66.4"
"1609","1","2016-11-05 13:17:23","14.7","66.3"
"1611","1","2016-11-05 13:17:43","14.7","66.3"
"1613","1","2016-11-05 13:18:03","14.7","66.3"
"1615","1","2016-11-05 13:18:24","14.6","66.2"
"1617","1","2016-11-05 13:18:44","14.6","66.2"
"1619","1","2016-11-05 13:19:04","14.7","66.3"
"1621","1","2016-11-05 13:19:25","14.6","66.2"
"1623","1","2016-11-05 13:19:45","14.7","66.3"
"1625","1","2016-11-05 13:20:05","14.7","66.3"
"1627","1","2016-11-05 13:20:25","14.7","66.2"
"1629","1","2016-11-05 13:20:46","14.7","66.1"
"1631","1","2016-11-05 13:21:06","14.7","66.2"
"1633","1","2016-11-05 13:21:26","14.7","66.1"
"1635","1","2016-11-05 13:21:47","14.7","66.1"
"1637","1","2016-11-05 13:22:07","14.7","66"
"1639","1","2016-11-05 13:22:27","14.7","66"
"1641","1","2016-11-05 13:22:48","14.7","66.1"
"1643","1","2016-11-05 13:23:08","14.7","66.1"
"1645","1","2016-11-05 13:23:28","14.7","66.1"
"1647","1","2016-11-05 13:23:49","14.7","66.8"
"1649","1","2016-11-05 13:24:09","14.7","66.1"
"1651","1","2016-11-05 13:24:29","14.7","66.2"
"1653","1","2016-11-05 13:24:49","14.7","66.2"
"1655","1","2016-11-05 13:25:10","14.7","66.2"
"1657","1","2016-11-05 13:25:30","14.7","66.1"
"1658","1","2016-11-05 13:25:50","14.7","66"
"1660","1","2016-11-05 13:26:11","14.7","66"
"1662","1","2016-11-05 13:26:31","14.7","66"
"1664","1","2016-11-05 13:26:51","14.7","66"
"1666","1","2016-11-05 13:27:12","14.7","66"
"1668","1","2016-11-05 13:27:32","14.7","66"
"1670","1","2016-11-05 13:27:52","14.7","66"
"1672","1","2016-11-05 13:28:12","14.7","66"
"1674","1","2016-11-05 13:28:33","14.7","66"
"1676","1","2016-11-05 13:28:53","14.7","66"
"1678","1","2016-11-05 13:29:14","14.7","66"
"1680","1","2016-11-05 13:29:34","14.7","66"
"1682","1","2016-11-05 13:29:54","14.7","66"
"1684","1","2016-11-05 13:30:14","14.7","66.7"
"1686","1","2016-11-05 13:30:35","14.7","66"
"1688","1","2016-11-05 13:30:55","14.7","66"
"1690","1","2016-11-05 13:31:15","14.7","66"
"1692","1","2016-11-05 13:31:36","14.7","66"
"1694","1","2016-11-05 13:31:56","14.7","65.9"
"1696","1","2016-11-05 13:32:16","14.7","65.9"
"1698","1","2016-11-05 13:32:37","14.7","65.9"
"1700","1","2016-11-05 13:32:57","14.7","65.9"
"1702","1","2016-11-05 13:33:17","14.7","65.9"
"1704","1","2016-11-05 13:33:37","14.7","65.9"
"1706","1","2016-11-05 13:33:58","14.7","65.8"
"1708","1","2016-11-05 13:34:19","14.7","65.9"
"1710","1","2016-11-05 13:34:40","14.7","66.2"
"1712","1","2016-11-05 13:35:00","14.7","66"
"1714","1","2016-11-05 13:35:20","14.7","66.2"
"1716","1","2016-11-05 13:35:40","14.7","66.1"
"1718","1","2016-11-05 13:36:01","14.7","65.9"
"1720","1","2016-11-05 13:36:21","14.7","66.1"
"1722","1","2016-11-05 13:36:41","14.7","66.5"
"1724","1","2016-11-05 13:37:02","14.7","66"
"1726","1","2016-11-05 13:37:22","14.7","65.8"
"1728","1","2016-11-05 13:37:42","14.7","65.9"
"1730","1","2016-11-05 13:38:03","14.7","66"
"1732","1","2016-11-05 13:38:23","14.7","66"
"1734","1","2016-11-05 13:38:43","14.7","66.1"
"1736","1","2016-11-05 13:39:03","14.6","65.8"
"1738","1","2016-11-05 13:39:24","14.7","66.2"
"1740","1","2016-11-05 13:39:44","14.7","66.2"
"1742","1","2016-11-05 13:40:04","14.7","66.1"
"1744","1","2016-11-05 13:40:25","14.7","65.9"
"1746","1","2016-11-05 13:40:45","14.7","66.2"
"1748","1","2016-11-05 13:41:06","14.7","66"
"1750","1","2016-11-05 13:41:26","14.7","66.1"
"1752","1","2016-11-05 13:41:46","14.7","66.1"
"1754","1","2016-11-05 13:42:06","14.7","65.8"
"1756","1","2016-11-05 13:42:27","14.7","66"
"1758","1","2016-11-05 13:42:47","14.6","65.8"
"1760","1","2016-11-05 13:43:07","14.7","66"
"1762","1","2016-11-05 13:43:28","14.7","66.1"
"1764","1","2016-11-05 13:43:48","14.7","66.4"
"1766","1","2016-11-05 13:44:08","14.7","66.4"
"1768","1","2016-11-05 13:44:29","14.7","66.5"
"1770","1","2016-11-05 13:44:49","14.7","66.3"
"1772","1","2016-11-05 13:45:09","14.7","66.6"
"1774","1","2016-11-05 13:45:30","14.7","66.4"
"1776","1","2016-11-05 13:45:50","14.6","66.2"
"1778","1","2016-11-05 13:46:10","14.7","66.2"
"1780","1","2016-11-05 13:46:31","14.6","65.9"
"1782","1","2016-11-05 13:46:51","14.7","66.2"
"1784","1","2016-11-05 13:47:11","14.7","66.1"
"1786","1","2016-11-05 13:47:32","14.7","66.2"
"1788","1","2016-11-05 13:47:52","14.7","66.3"
"1790","1","2016-11-05 13:48:12","14.7","66.6"
"1792","1","2016-11-05 13:48:32","14.6","66.1"
"1794","1","2016-11-05 13:48:53","14.7","66.3"
"1796","1","2016-11-05 13:49:13","14.6","65.9"
"1798","1","2016-11-05 13:49:34","14.6","65.8"
"1800","1","2016-11-05 13:49:54","14.7","66.1"
"1802","1","2016-11-05 13:50:14","14.7","66.1"
"1804","1","2016-11-05 13:50:34","14.7","66"
"1806","1","2016-11-05 13:50:55","14.7","66.3"
"1808","1","2016-11-05 13:51:15","14.7","66.1"
"1810","1","2016-11-05 13:51:35","14.6","66.1"
"1812","1","2016-11-05 13:51:56","14.7","66.2"
"1814","1","2016-11-05 13:52:16","14.7","66.5"
"1816","1","2016-11-05 13:52:36","14.6","66.2"
"1818","1","2016-11-05 13:52:57","14.7","66.4"
"1820","1","2016-11-05 13:53:17","14.7","66.2"
"1822","1","2016-11-05 13:53:37","14.7","66.5"
"1824","1","2016-11-05 13:53:57","14.7","66.6"
"1826","1","2016-11-05 13:54:18","14.7","66.7"
"1828","1","2016-11-05 13:54:38","14.7","66.7"
"1830","1","2016-11-05 13:54:58","14.7","66.5"
"1831","1","2016-11-05 13:55:19","14.7","66.5"
"1833","1","2016-11-05 13:55:39","14.7","66.2"
"1835","1","2016-11-05 13:55:59","14.7","66.4"
"1837","1","2016-11-05 13:56:20","14.7","66.4"
"1839","1","2016-11-05 13:56:40","14.7","66.2"
"1841","1","2016-11-05 13:57:00","14.7","66.2"
"1843","1","2016-11-05 13:57:20","14.7","66.1"
"1845","1","2016-11-05 13:57:41","14.7","66.4"
"1847","1","2016-11-05 13:58:01","14.6","66.3"
"1849","1","2016-11-05 13:58:21","14.7","66.1"
"1851","1","2016-11-05 13:58:42","14.7","66.3"
"1853","1","2016-11-05 13:59:02","14.7","66.1"
"1855","1","2016-11-05 13:59:22","14.6","66"
"1857","1","2016-11-05 13:59:43","14.7","66.5"
"1859","1","2016-11-05 14:00:03","14.7","66.4"
"1861","1","2016-11-05 14:00:23","14.6","66.2"
"1863","1","2016-11-05 14:00:43","14.6","65.8"
"1865","1","2016-11-05 14:01:04","14.7","65.8"
"1867","1","2016-11-05 14:01:24","14.6","65.9"
"1869","1","2016-11-05 14:01:44","14.7","66.1"
"1871","1","2016-11-05 14:02:05","14.7","66.2"
"1873","1","2016-11-05 14:02:25","14.6","66.1"
"1875","1","2016-11-05 14:02:45","14.6","66.1"
"1877","1","2016-11-05 14:03:05","14.6","66.1"
"1879","1","2016-11-05 14:03:26","14.6","66.2"
"1881","1","2016-11-05 14:03:46","14.6","66.2"
"1883","1","2016-11-05 14:04:06","14.6","66.1"
"1885","1","2016-11-05 14:04:27","14.6","66"
"1887","1","2016-11-05 14:04:47","14.6","65.9"
"1889","1","2016-11-05 14:05:07","14.6","65.9"
"1891","1","2016-11-05 14:05:28","14.6","66.5"
"1893","1","2016-11-05 14:05:48","14.6","66.8"
"1895","1","2016-11-05 14:06:08","14.6","67"
"1897","1","2016-11-05 14:06:28","14.7","68.2"
"1899","1","2016-11-05 14:06:49","14.7","67.8"
"1901","1","2016-11-05 14:07:09","14.7","67.7"
"1903","1","2016-11-05 14:07:29","14.6","67.9"
"1905","1","2016-11-05 14:07:50","14.7","68.5"
"1907","1","2016-11-05 14:08:10","14.7","69.5"
"1909","1","2016-11-05 14:08:30","14.7","70.7"
"1911","1","2016-11-05 14:08:51","14.7","70.7"
"1913","1","2016-11-05 14:09:11","14.7","71.6"
"1915","1","2016-11-05 14:09:31","14.8","78.6"
"1917","1","2016-11-05 14:09:52","14.9","80.1"
"1919","1","2016-11-05 14:10:12","14.9","86.6"
"1921","1","2016-11-05 14:10:32","15","90"
"1923","1","2016-11-05 14:10:53","15","92.9"
"1925","1","2016-11-05 14:11:13","15.1","95.8"
"1927","1","2016-11-05 14:11:34","15.1","97.5"
"1929","1","2016-11-05 14:11:54","15.2","99.1"
"1931","1","2016-11-05 14:12:14","15.2","99.9"
"1933","1","2016-11-05 14:12:35","15.3","99.9"
"1935","1","2016-11-05 14:12:55","15.3","99.9"
"1937","1","2016-11-05 14:13:15","15.4","99.9"
"1939","1","2016-11-05 14:13:35","15.5","99.9"
"1941","1","2016-11-05 14:13:56","15.6","99.9"
"1943","1","2016-11-05 14:14:16","15.7","99.9"
"1944","1","2016-11-05 14:14:36","15.7","99.9"
"1947","1","2016-11-05 14:14:57","15.7","99.9"
"1949","1","2016-11-05 14:15:17","15.7","99.9"
"1951","1","2016-11-05 14:15:37","15.6","99.9"
"1953","1","2016-11-05 14:15:58","15.5","99.9"
"1955","1","2016-11-05 14:16:18","15.4","99.9"
"1957","1","2016-11-05 14:16:38","15.3","99.9"
"1959","1","2016-11-05 14:16:59","15.2","99.9"
"1961","1","2016-11-05 14:17:19","15.2","99.9"
"1963","1","2016-11-05 14:17:39","15.2","99.9"
"1965","1","2016-11-05 14:18:00","15.2","99.9"
"1967","1","2016-11-05 14:18:20","15.2","99.9"
"1969","1","2016-11-05 14:18:40","15.1","99.9"
"1971","1","2016-11-05 14:19:00","15.1","99.5"
"1973","1","2016-11-05 14:19:21","15.1","98.2"
"1975","1","2016-11-05 14:19:41","15","97.1"
"1977","1","2016-11-05 14:20:01","15","95.2"
"1979","1","2016-11-05 14:20:22","15","95.9"
"1981","1","2016-11-05 14:20:42","15","95.1"
"1983","1","2016-11-05 14:21:02","15.1","95.1"
"1985","1","2016-11-05 14:21:22","15","91.3"
"1987","1","2016-11-05 14:21:43","15","88.2"
"1989","1","2016-11-05 14:22:03","15","87.5"
"1991","1","2016-11-05 14:22:23","15","87.9"
"1993","1","2016-11-05 14:22:44","15","87.3"
"1995","1","2016-11-05 14:23:04","15","85.7"
"1997","1","2016-11-05 14:23:24","15","85.1"
"1999","1","2016-11-05 14:23:45","15","82.8"
"2001","1","2016-11-05 14:24:05","15","82.5"
"2003","1","2016-11-05 14:24:25","15","81.3"
"2005","1","2016-11-05 14:24:45","15","80.8"
"2007","1","2016-11-05 14:25:06","15","80.8"
"2009","1","2016-11-05 14:25:26","15","80.4"
"2011","1","2016-11-05 14:25:46","15","80.4"
"2013","1","2016-11-05 14:26:07","15","80.3"
"2015","1","2016-11-05 14:26:27","14.9","80.3"
"2017","1","2016-11-05 14:26:47","14.9","80.1"
"2019","1","2016-11-05 14:27:08","14.9","80"
"2021","1","2016-11-05 14:27:28","14.9","79.8"
"2023","1","2016-11-05 14:27:48","14.9","79.8"
"2025","1","2016-11-05 14:28:08","14.9","79.5"
"2027","1","2016-11-05 14:28:29","14.9","79.5"
"2028","1","2016-11-05 14:28:49","14.9","79.3"
"2030","1","2016-11-05 14:29:09","14.9","79"
"2032","1","2016-11-05 14:29:30","14.9","79.4"
"2034","1","2016-11-05 14:29:50","14.9","79.3"
"2036","1","2016-11-05 14:30:10","14.9","79.1"
"2038","1","2016-11-05 14:30:31","14.9","79.3"
"2040","1","2016-11-05 14:30:51","15","79.6"
"2041","1","2016-11-05 14:31:11","15","80"
"2043","1","2016-11-05 14:31:32","15","80.3"
"2045","1","2016-11-05 14:31:52","15","80.8"
"2047","1","2016-11-05 14:32:12","15","81.8"
"2049","1","2016-11-05 14:32:33","15","82.4"
"2051","1","2016-11-05 14:32:53","15","83"
"2053","1","2016-11-05 14:33:13","15","83.5"
"2055","1","2016-11-05 14:33:34","15","85.5"
"2057","1","2016-11-05 14:33:54","15.1","87.3"
"2059","1","2016-11-05 14:34:14","15.1","87.7"
"2061","1","2016-11-05 14:34:34","15.1","88"
"2063","1","2016-11-05 14:34:55","15.1","88.4"
"2065","1","2016-11-05 14:35:15","15.1","88.7"
"2067","1","2016-11-05 14:35:35","15.1","88.7"
"2069","1","2016-11-05 14:35:56","15.1","88.8"
"2071","1","2016-11-05 14:36:16","15.1","88.6"
"2073","1","2016-11-05 14:36:36","15.2","87.9"
"2075","1","2016-11-05 14:36:56","15.1","84.6"
"2077","1","2016-11-05 14:37:17","15.1","79.9"
"2079","1","2016-11-05 14:37:37","15.2","77.2"
"2081","1","2016-11-05 14:37:57","15.1","75"
"2083","1","2016-11-05 14:38:18","15.2","74.7"
"2085","1","2016-11-05 14:38:38","15.2","74.1"
"2087","1","2016-11-05 14:38:58","15.2","73.7"
"2089","1","2016-11-05 14:39:19","15.2","73.3"
"2091","1","2016-11-05 14:39:39","15.2","73.3"
"2093","1","2016-11-05 14:39:59","15.2","73"
"2095","1","2016-11-05 14:40:20","15.2","73.1"
"2097","1","2016-11-05 14:40:40","15.1","72.7"
"2099","1","2016-11-05 14:41:00","15.2","72.7"
"2101","1","2016-11-05 14:41:20","15.2","73"
"2103","1","2016-11-05 14:41:41","15.2","72.9"
"2105","1","2016-11-05 14:42:01","15.2","73.2"
"2107","1","2016-11-05 14:42:21","15.2","74.2"
"2109","1","2016-11-05 14:42:42","15.2","75.9"
"2111","1","2016-11-05 14:43:02","15.2","77"
"2113","1","2016-11-05 14:43:22","15.2","78.2"
"2115","1","2016-11-05 14:43:42","15.2","78.6"
"2117","1","2016-11-05 14:44:03","15.2","78.6"
"2119","1","2016-11-05 14:44:23","15.2","78.5"
"2120","1","2016-11-05 14:44:43","15.3","78"
"2122","1","2016-11-05 14:45:04","15.2","77.7"
"2124","1","2016-11-05 14:45:24","15.3","78.7"
"2126","1","2016-11-05 14:45:44","15.3","79.3"
"2128","1","2016-11-05 14:46:05","15.3","79.8"
"2130","1","2016-11-05 14:46:25","15.3","79.6"
"2132","1","2016-11-05 14:46:45","15.3","79.3"
"2134","1","2016-11-05 14:47:05","15.2","78.8"
"2136","1","2016-11-05 14:47:26","15.2","78.5"
"2138","1","2016-11-05 14:47:46","15.2","78"
"2140","1","2016-11-05 14:48:06","15.2","77.7"
"2142","1","2016-11-05 14:48:27","15.2","77.7"
"2144","1","2016-11-05 14:48:47","15.2","77.7"
"2146","1","2016-11-05 14:49:07","15.2","77.6"
"2148","1","2016-11-05 14:49:28","15.1","77.5"
"2150","1","2016-11-05 14:49:48","15.1","77.3"
"2152","1","2016-11-05 14:50:09","15.1","77.2"
"2154","1","2016-11-05 14:50:29","15.1","77.3"
"2156","1","2016-11-05 14:50:49","15.1","77.3"
"2157","1","2016-11-05 14:51:10","15.1","77.3"
"2160","1","2016-11-05 14:51:30","15.1","77.2"
"2162","1","2016-11-05 14:51:51","15.1","77"
"2163","1","2016-11-05 14:52:11","15","76.7"
"2165","1","2016-11-05 14:52:32","15","76.7"
"2167","1","2016-11-05 14:52:52","15","76.8"
"2169","1","2016-11-05 14:53:12","15","76.8"
"2171","1","2016-11-05 14:53:33","15","77.3"
"2173","1","2016-11-05 14:53:53","15","77.6"
"2175","1","2016-11-05 14:54:13","15.1","79.5"
"2177","1","2016-11-05 14:54:34","15.1","80.5"
"2179","1","2016-11-05 14:54:54","15.1","81.4"
"2181","1","2016-11-05 14:55:14","15.1","81.1"
"2183","1","2016-11-05 14:55:35","15.1","80.1"
"2185","1","2016-11-05 14:55:55","15.1","80.8"
"2187","1","2016-11-05 14:56:15","15.1","80.4"
"2189","1","2016-11-05 14:56:36","15.2","79.7"
"2191","1","2016-11-05 14:56:56","15.1","79.3"
"2193","1","2016-11-05 14:57:16","15.1","79"
"2195","1","2016-11-05 14:57:36","15.1","78.5"
"2197","1","2016-11-05 14:57:57","15.1","78.2"
"2199","1","2016-11-05 14:58:17","15.1","77.9"
"2201","1","2016-11-05 14:58:37","15.1","77.8"
"2203","1","2016-11-05 14:58:58","15.1","78"
"2205","1","2016-11-05 14:59:18","15.1","78"
"2207","1","2016-11-05 14:59:38","15.1","77.7"
"2209","1","2016-11-05 14:59:59","15.1","77.5"
"2210","1","2016-11-05 15:00:20","15.1","77.3"
"2213","1","2016-11-05 15:00:40","15.1","77.3"
"2215","1","2016-11-05 15:01:01","15.1","77.1"
"2217","1","2016-11-05 15:01:21","15.1","77.2"
"2219","1","2016-11-05 15:01:41","15.1","77.2"
"2221","1","2016-11-05 15:02:01","15.1","77.4"
"2223","1","2016-11-05 15:02:22","15.1","77.7"
"2225","1","2016-11-05 15:02:42","15.1","78"
"2227","1","2016-11-05 15:03:02","15","77.8"
"2229","1","2016-11-05 15:03:23","15","77.6"
"2231","1","2016-11-05 15:03:43","15","77.3"
"2233","1","2016-11-05 15:04:03","15","77.2"
"2235","1","2016-11-05 15:04:24","15","77.6"
"2237","1","2016-11-05 15:04:44","15","77.6"
"2239","1","2016-11-05 15:05:04","15","77.3"
"2241","1","2016-11-05 15:05:24","15","77"
"2243","1","2016-11-05 15:05:45","15","76.6"
"2245","1","2016-11-05 15:06:05","15","76.4"
"2247","1","2016-11-05 15:06:25","15","76.3"
"2249","1","2016-11-05 15:06:46","15","76.2"
"2251","1","2016-11-05 15:07:06","15","76"
"2253","1","2016-11-05 15:07:26","15","75.9"
"2255","1","2016-11-05 15:07:47","15","76"
"2257","1","2016-11-05 15:08:07","15","76.1"
"2259","1","2016-11-05 15:08:27","15","76"
"2261","1","2016-11-05 15:08:47","14.9","76"
"2263","1","2016-11-05 15:09:08","14.9","75.7"
"2265","1","2016-11-05 15:09:28","14.9","75.7"
"2267","1","2016-11-05 15:09:48","14.9","75.6"
"2269","1","2016-11-05 15:10:09","14.9","75.7"
"2271","1","2016-11-05 15:10:29","14.9","75.9"
"2273","1","2016-11-05 15:10:49","14.9","76.6"
"2275","1","2016-11-05 15:11:10","14.9","75.8"
"2277","1","2016-11-05 15:11:30","14.9","75.7"
"2279","1","2016-11-05 15:11:50","14.9","75.7"
"2281","1","2016-11-05 15:12:11","14.9","75.5"
"2283","1","2016-11-05 15:12:31","14.9","75.4"
"2285","1","2016-11-05 15:12:51","14.8","75.4"
"2287","1","2016-11-05 15:13:11","14.9","75.4"
"2289","1","2016-11-05 15:13:32","14.9","75.5"
"2291","1","2016-11-05 15:13:52","14.8","75.4"
"2293","1","2016-11-05 15:14:12","14.8","75.4"
"2295","1","2016-11-05 15:14:33","14.8","75.4"
"2297","1","2016-11-05 15:14:53","14.8","75.4"
"2299","1","2016-11-05 15:15:13","14.8","76.1"
"2301","1","2016-11-05 15:15:34","14.9","75.5"
"2303","1","2016-11-05 15:15:54","14.8","75.4"
"2305","1","2016-11-05 15:16:14","14.8","75.2"
"2307","1","2016-11-05 15:16:35","14.8","75.1"
"2309","1","2016-11-05 15:16:55","14.8","74.8"
"2311","1","2016-11-05 15:17:16","14.8","74.9"
"2313","1","2016-11-05 15:17:36","14.8","75.1"
"2315","1","2016-11-05 15:17:56","14.8","75.2"
"2317","1","2016-11-05 15:18:17","14.8","75.2"
"2319","1","2016-11-05 15:18:37","14.8","75"
"2321","1","2016-11-05 15:18:57","14.8","75.1"
"2323","1","2016-11-05 15:19:17","14.8","75.2"
"2325","1","2016-11-05 15:19:38","14.8","75"
"2327","1","2016-11-05 15:19:58","14.8","74.9"
"2329","1","2016-11-05 15:20:18","14.8","74.7"
"2331","1","2016-11-05 15:20:39","14.8","74.4"
"2333","1","2016-11-05 15:20:59","14.8","74.4"
"2335","1","2016-11-05 15:21:19","14.8","74.3"
"2337","1","2016-11-05 15:21:40","14.8","74.3"
"2339","1","2016-11-05 15:22:00","14.8","74.4"
"2341","1","2016-11-05 15:22:20","14.8","74.4"
"2343","1","2016-11-05 15:22:40","14.8","74.4"
"2345","1","2016-11-05 15:23:01","14.8","74.5"
"2347","1","2016-11-05 15:23:21","14.7","74.5"
"2349","1","2016-11-05 15:23:41","14.7","74.7"
"2351","1","2016-11-05 15:24:02","14.8","74.8"
"2353","1","2016-11-05 15:24:22","14.8","74.6"
"2355","1","2016-11-05 15:24:42","14.7","74.7"
"2357","1","2016-11-05 15:25:03","14.7","74.8"
"2359","1","2016-11-05 15:25:23","14.7","74.7"
"2360","1","2016-11-05 15:25:43","14.8","74.8"
"2362","1","2016-11-05 15:26:04","14.7","75"
"2364","1","2016-11-05 15:26:24","14.7","75.3"
"2366","1","2016-11-05 15:26:44","14.7","75.4"
"2368","1","2016-11-05 15:27:04","14.7","77.4"
"2370","1","2016-11-05 15:27:25","14.7","78.5"
"2372","1","2016-11-05 15:27:45","14.8","80.8"
"2374","1","2016-11-05 15:28:05","14.8","81.2"
"2376","1","2016-11-05 15:28:26","14.8","81"
"2378","1","2016-11-05 15:28:46","14.9","81.1"
"2380","1","2016-11-05 15:29:06","14.9","81.4"
"2382","1","2016-11-05 15:29:27","14.9","82.3"
"2384","1","2016-11-05 15:29:47","14.9","82.7"
"2386","1","2016-11-05 15:30:07","15","83.1"
"2388","1","2016-11-05 15:30:27","15","83.3"
"2390","1","2016-11-05 15:30:48","15","83.3"
"2392","1","2016-11-05 15:31:08","15","83.3"
"2394","1","2016-11-05 15:31:28","15","83.3"
"2396","1","2016-11-05 15:31:49","15","83.5"
"2398","1","2016-11-05 15:32:09","15","83.7"
"2400","1","2016-11-05 15:32:29","15","83.7"
"2402","1","2016-11-05 15:32:50","15","83.6"
"2404","1","2016-11-05 15:33:10","15","83.9"
"2406","1","2016-11-05 15:33:30","15","84"
"2408","1","2016-11-05 15:33:51","15","84"
"2410","1","2016-11-05 18:15:46","15.1","69.7"
"2411","1","2016-11-05 18:16:06","15.1","69.9"
"2412","1","2016-11-05 18:16:27","15.1","70"
"2413","1","2016-11-05 18:16:47","15.1","70.1"
"2414","1","2016-11-05 18:17:07","15.1","70.2"
"2415","1","2016-11-05 18:17:28","15.1","70.2"
"2416","1","2016-11-05 18:17:48","15","70.3"
"2417","1","2016-11-05 18:18:08","15.1","70.6"
"2418","1","2016-11-05 18:18:29","15.1","70.7"
"2419","1","2016-11-05 18:18:49","15.1","70.6"
"2420","1","2016-11-05 18:19:09","15.1","70.7"
"2421","1","2016-11-05 18:19:30","15","70.6"
"2422","1","2016-11-05 18:19:50","15","71.3"
"2423","1","2016-11-05 18:20:10","15","70.7"
"2424","1","2016-11-05 18:20:30","15","70.7"
"2425","1","2016-11-05 18:20:51","15","70.6"
"2426","1","2016-11-05 18:21:11","15","70.6"
"2427","1","2016-11-05 18:21:31","15","70.7"
"2428","1","2016-11-05 18:21:52","15","70.8"
"2429","1","2016-11-05 18:22:12","15","70.8"
"2430","1","2016-11-05 18:22:32","15","71"
"2431","1","2016-11-05 18:22:53","15","71"
"2432","1","2016-11-05 18:23:13","15","71"
"2433","1","2016-11-05 18:23:33","15","71.1"
"2434","1","2016-11-05 18:23:54","15","71.1"
"2435","1","2016-11-05 18:24:14","15","71"
"2436","1","2016-11-05 18:24:34","15","71"
"2437","1","2016-11-05 18:24:55","15","71"
"2438","1","2016-11-05 18:25:15","15","71.1"
"2439","1","2016-11-05 18:25:35","15","71.3"
"2440","1","2016-11-05 18:25:55","15","71.3"
"2441","1","2016-11-05 18:26:16","15","71.3"
"2442","1","2016-11-05 18:26:36","15","71.3"
"2443","1","2016-11-05 18:26:56","15","71.4"
"2444","1","2016-11-05 18:27:17","15","71.5"
"2445","1","2016-11-05 18:27:37","15","71.5"
"2446","1","2016-11-05 18:27:57","15","71.6"
"2447","1","2016-11-05 18:28:18","15","71.6"
"2448","1","2016-11-05 18:28:38","15","71.7"
"2449","1","2016-11-05 18:28:58","15","71.7"
"2450","1","2016-11-05 18:29:19","15","71.8"
"2451","1","2016-11-05 18:29:39","15","71.8"
"2452","1","2016-11-05 18:29:59","15","71.8"
"2453","1","2016-11-05 18:30:20","15","71.9"
"2454","1","2016-11-05 18:30:40","15","72"
"2455","1","2016-11-05 18:31:00","14.9","72.1"
"2456","1","2016-11-05 18:31:21","14.9","72"
"2457","1","2016-11-05 18:31:41","14.9","72"
"2458","1","2016-11-05 18:32:01","14.9","72.1"
"2459","1","2016-11-05 18:32:22","14.9","72.3"
"2460","1","2016-11-05 18:32:42","14.9","72.3"
"2461","1","2016-11-05 18:33:03","15","73"
"2462","1","2016-11-05 18:33:23","14.9","72.3"
"2463","1","2016-11-05 18:33:45","14.9","72.5"
"2464","1","2016-11-05 18:34:06","14.9","72.5"
"2465","1","2016-11-05 18:34:29","14.9","72.6"
"2466","1","2016-11-05 18:34:52","14.9","72.5"
"2467","1","2016-11-05 18:35:12","14.9","72.5"
"2468","1","2016-11-05 18:35:32","14.9","72.5"
"2469","1","2016-11-05 18:35:53","14.9","72.6"
"2470","1","2016-11-05 18:36:13","14.9","72.7"
"2471","1","2016-11-05 18:36:33","14.9","72.7"
"2472","1","2016-11-05 18:36:54","14.9","72.8"
"2473","1","2016-11-05 18:37:14","14.9","72.8"
"2474","1","2016-11-05 18:37:34","14.9","72.7"
"2475","1","2016-11-05 18:37:55","14.9","72.8"
"2476","1","2016-11-05 18:38:15","14.9","72.9"
"2477","1","2016-11-05 18:38:35","14.9","72.9"
"2478","1","2016-11-05 18:38:55","14.9","72.9"
"2479","1","2016-11-05 18:39:16","14.9","72.8"
"2480","1","2016-11-05 18:39:36","14.9","72.9"
"2481","1","2016-11-05 18:39:56","14.9","72.9"
"2482","1","2016-11-05 18:40:17","14.9","72.8"
"2483","1","2016-11-05 18:40:37","14.9","72.8"
"2484","1","2016-11-05 18:40:57","14.9","72.9"
"2485","1","2016-11-05 18:41:18","14.9","73.1"
"2486","1","2016-11-05 18:41:38","14.9","73.1"
"2487","1","2016-11-05 18:41:58","14.9","73.1"
"2488","1","2016-11-05 18:42:18","14.9","73.2"
"2489","1","2016-11-05 18:42:39","14.9","73.3"
"2490","1","2016-11-05 18:42:59","14.9","73.5"
"2491","1","2016-11-05 18:43:19","14.9","73.3"
"2492","1","2016-11-05 18:43:40","14.9","73.3"
"2493","1","2016-11-05 18:44:00","14.9","73.3"
"2494","1","2016-11-05 18:44:20","14.9","73.3"
"2495","1","2016-11-05 18:44:41","14.9","73.3"
"2496","1","2016-11-05 18:45:01","14.9","73.3"
"2497","1","2016-11-05 18:45:21","14.9","73.4"
"2498","1","2016-11-05 18:45:41","14.9","73.5"
"2499","1","2016-11-05 18:46:02","14.9","73.6"
"2500","1","2016-11-05 18:46:22","14.9","73.5"
"2501","1","2016-11-05 18:46:42","14.9","73.4"
"2502","1","2016-11-05 18:47:03","14.9","73.4"
"2503","1","2016-11-05 18:47:23","14.9","73.5"
"2504","1","2016-11-05 18:47:43","14.9","73.6"
"2505","1","2016-11-05 18:48:04","14.9","73.5"
"2506","1","2016-11-05 18:48:24","14.9","73.5"
"2507","1","2016-11-05 18:48:44","14.9","74.4"
"2508","1","2016-11-05 18:49:04","14.9","73.7"
"2509","1","2016-11-05 18:49:25","14.9","73.7"
"2510","1","2016-11-05 18:49:45","14.9","73.7"
"2511","1","2016-11-05 18:50:05","14.9","73.7"
"2512","1","2016-11-05 18:50:26","14.9","73.7"
"2513","1","2016-11-05 18:50:46","14.9","73.7"
"2514","1","2016-11-05 18:51:06","14.9","73.8"
"2515","1","2016-11-05 18:51:27","14.9","73.8"
"2516","1","2016-11-05 18:51:47","14.9","73.8"
"2517","1","2016-11-05 18:52:07","14.9","73.8"
"2518","1","2016-11-05 18:52:27","14.8","73.8"
"2519","1","2016-11-05 18:52:48","14.9","73.9"
"2520","1","2016-11-05 18:53:08","14.9","73.8"
"2521","1","2016-11-05 18:53:28","14.8","73.7"
"2522","1","2016-11-05 18:53:49","14.9","73.9"
"2523","1","2016-11-05 18:54:09","14.9","73.9"
"2524","1","2016-11-05 18:54:29","14.8","73.8"
"2525","1","2016-11-05 18:54:50","14.8","73.9"
"2526","1","2016-11-05 18:55:10","14.8","73.9"
"2527","1","2016-11-05 18:55:30","14.9","74"
"2528","1","2016-11-05 18:55:50","14.8","73.9"
"2529","1","2016-11-05 18:56:11","14.8","74"
"2530","1","2016-11-05 18:56:31","14.9","74.8"
"2531","1","2016-11-05 18:56:51","14.8","74"
"2532","1","2016-11-05 18:57:12","14.8","74"
"2533","1","2016-11-05 18:57:32","14.8","74.1"
"2534","1","2016-11-05 18:57:52","14.8","74"
"2535","1","2016-11-05 18:58:13","14.8","74.1"
"2536","1","2016-11-05 18:58:33","14.8","74.2"
"2537","1","2016-11-05 18:58:53","14.8","74.1"
"2538","1","2016-11-05 18:59:13","14.8","74.2"
"2539","1","2016-11-05 18:59:34","14.8","74"
"2540","1","2016-11-05 18:59:54","14.8","74"
"2541","1","2016-11-05 19:00:14","14.8","74.1"
"2542","1","2016-11-05 19:00:35","14.8","74.2"
"2543","1","2016-11-05 19:00:55","14.8","74.2"
"2544","1","2016-11-05 19:01:15","14.8","74.3"
"2545","1","2016-11-05 19:01:36","14.8","74.4"
"2546","1","2016-11-05 19:01:56","14.8","74.4"
"2547","1","2016-11-05 19:02:16","14.8","74.4"
"2548","1","2016-11-05 19:02:36","14.8","74.4"
"2549","1","2016-11-05 19:02:57","14.8","74.4"
"2550","1","2016-11-05 19:03:17","14.8","74.4"
"2551","1","2016-11-05 19:03:37","14.8","74.5"
"2552","1","2016-11-05 19:03:58","14.8","75.1"
"2553","1","2016-11-05 19:04:18","14.8","74.6"
"2554","1","2016-11-05 19:04:38","14.8","74.6"
"2555","1","2016-11-05 19:04:59","14.8","74.7"
"2556","1","2016-11-05 19:05:19","14.8","74.6"
"2557","1","2016-11-05 19:05:39","14.8","74.5"
"2558","1","2016-11-05 19:05:59","14.8","74.5"
"2559","1","2016-11-05 19:06:20","14.8","74.5"
"2560","1","2016-11-05 19:06:40","14.8","74.5"
"2561","1","2016-11-05 19:07:00","14.8","74.6"
"2562","1","2016-11-05 19:07:21","14.8","74.6"
"2563","1","2016-11-05 19:07:41","14.8","74.6"
"2564","1","2016-11-05 19:08:01","14.8","74.6"
"2565","1","2016-11-05 19:08:21","14.8","74.6"
"2566","1","2016-11-05 19:08:42","14.8","74.6"
"2567","1","2016-11-05 19:09:02","14.8","74.7"
"2568","1","2016-11-05 19:09:22","14.8","74.7"
"2569","1","2016-11-05 19:09:43","14.8","74.7"
"2570","1","2016-11-05 19:10:03","14.8","74.7"
"2571","1","2016-11-05 19:10:23","14.8","74.6"
"2572","1","2016-11-05 19:10:44","14.8","74.6"
"2573","1","2016-11-05 19:11:04","14.8","74.5"
"2574","1","2016-11-05 19:11:24","14.8","74.5"
"2575","1","2016-11-05 19:11:45","14.7","74.7"
"2576","1","2016-11-05 19:12:05","14.8","74.7"
"2577","1","2016-11-05 19:12:25","14.8","74.7"
"2578","1","2016-11-05 19:12:45","14.7","74.8"
"2579","1","2016-11-05 19:13:06","14.8","75"
"2580","1","2016-11-05 19:13:26","14.8","74.9"
"2581","1","2016-11-05 19:13:46","14.8","74.8"
"2582","1","2016-11-05 19:14:07","14.8","74.7"
"2583","1","2016-11-05 19:14:27","14.8","74.7"
"2584","1","2016-11-05 19:14:47","14.8","74.7"
"2585","1","2016-11-05 19:15:08","14.7","74.8"
"2586","1","2016-11-05 19:15:28","14.8","74.9"
"2587","1","2016-11-05 19:15:48","14.7","74.9"
"2588","1","2016-11-05 19:16:09","14.7","74.9"
"2589","1","2016-11-05 19:16:29","14.7","74.9"
"2590","1","2016-11-05 19:16:49","14.7","75"
"2591","1","2016-11-05 19:17:09","14.8","75"
"2592","1","2016-11-05 19:17:30","14.7","75.1"
"2593","1","2016-11-05 19:17:50","14.7","75.1"
"2594","1","2016-11-05 19:18:10","14.8","75"
"2595","1","2016-11-05 19:18:31","14.7","75.7"
"2596","1","2016-11-05 19:18:51","14.7","75.1"
"2597","1","2016-11-05 19:19:11","14.7","75"
"2598","1","2016-11-05 19:19:32","14.7","75.1"
"2599","1","2016-11-05 19:19:52","14.7","75.1"
"2600","1","2016-11-05 19:20:12","14.7","75.1"
"2601","1","2016-11-05 19:20:32","14.8","75.1"
"2602","1","2016-11-05 19:20:53","14.7","75.1"
"2603","1","2016-11-05 19:21:13","14.8","75.2"
"2604","1","2016-11-05 19:21:33","14.7","75.1"
"2605","1","2016-11-05 19:21:54","14.7","75"
"2606","1","2016-11-05 19:22:14","14.7","75"
"2607","1","2016-11-05 19:22:34","14.7","75"
"2608","1","2016-11-05 19:22:55","14.7","75"
"2609","1","2016-11-05 19:23:15","14.7","75"
"2610","1","2016-11-05 19:23:35","14.7","75"
"2611","1","2016-11-05 19:23:55","14.7","75"
"2612","1","2016-11-05 19:24:16","14.7","75"
"2613","1","2016-11-05 19:24:36","14.8","75"
"2614","1","2016-11-05 19:24:56","14.7","75"
"2615","1","2016-11-05 19:25:17","14.7","75"
"2616","1","2016-11-05 19:25:37","14.8","75"
"2617","1","2016-11-05 19:25:57","14.7","75.1"
"2618","1","2016-11-05 19:26:18","14.7","75"
"2619","1","2016-11-05 19:26:39","14.7","75"
"2620","1","2016-11-05 19:26:59","14.7","75"
"2621","1","2016-11-05 19:27:19","14.7","75"
"2622","1","2016-11-05 19:27:40","14.7","75.1"
"2623","1","2016-11-05 19:28:00","14.7","75.1"
"2624","1","2016-11-05 19:28:20","14.7","75.2"
"2625","1","2016-11-05 19:28:41","14.7","75.2"
"2626","1","2016-11-05 19:29:01","14.7","75.2"
"2627","1","2016-11-05 19:29:21","14.7","75.2"
"2628","1","2016-11-05 19:29:42","14.7","75.2"
"2629","1","2016-11-05 19:30:02","14.7","75.2"
"2630","1","2016-11-05 19:30:22","14.7","75.2"
"2631","1","2016-11-05 19:30:42","14.7","75.2"
"2632","1","2016-11-05 19:57:57","15","80.1"
"2633","1","2016-11-05 19:58:18","15","79.4"
"2634","1","2016-11-05 19:58:38","15","79.1"
"2635","1","2016-11-05 19:58:59","15","80.3"
"2636","1","2016-11-05 19:59:19","15.1","81.2"
"2637","1","2016-11-05 19:59:40","15.1","83.4"
"2638","1","2016-11-05 20:00:00","15.1","83.7"
"2640","1","2016-11-05 20:00:20","15.1","83.8"
"2642","1","2016-11-05 20:00:41","15.1","84.3"
"2644","1","2016-11-05 20:01:01","15.1","87.3"
"2646","1","2016-11-05 20:01:21","15.2","92"
"2648","1","2016-11-05 20:01:42","15.2","94.1"
"2650","1","2016-11-05 20:02:02","15.3","96.6"
"2652","1","2016-11-05 20:02:22","15.3","97.8"
"2654","1","2016-11-05 20:02:43","15.3","98.6"
"2656","1","2016-11-05 20:03:03","15.3","99.5"
"2658","1","2016-11-05 20:03:23","15.3","99.9"
"2660","1","2016-11-05 20:03:43","15.3","99.9"
"2662","1","2016-11-05 20:04:04","15.3","99.9"
"2664","1","2016-11-05 20:04:24","15.3","99.9"
"2666","1","2016-11-05 20:04:44","15.3","99.9"
"2668","1","2016-11-05 20:05:05","15.3","99.8"
"2670","1","2016-11-05 20:05:25","15.3","99.8"
"2672","1","2016-11-05 20:05:45","15.3","99.3"
"2674","1","2016-11-05 20:06:06","15.2","98.7"
"2676","1","2016-11-05 20:06:26","15.2","98.1"
"2678","1","2016-11-05 20:06:46","15.2","97.6"
"2680","1","2016-11-05 20:07:07","15.2","97"
"2682","1","2016-11-05 20:07:27","15.2","95.7"
"2684","1","2016-11-05 20:07:47","15.1","94.8"
"2686","1","2016-11-05 20:08:07","15.2","93.5"
"2688","1","2016-11-05 20:08:28","15.1","93"
"2690","1","2016-11-05 20:08:48","15.1","92.2"
"2692","1","2016-11-05 20:09:08","15.1","91.4"
"2694","1","2016-11-05 20:09:29","15.1","90.6"
"2696","1","2016-11-05 20:09:49","15.1","90.1"
"2698","1","2016-11-05 20:10:09","15.1","89.7"
"2700","1","2016-11-05 20:10:30","15.1","88.9"
"2702","1","2016-11-05 20:10:50","15.1","88.7"
"2704","1","2016-11-05 20:11:10","15.1","88.2"
"2706","1","2016-11-05 20:11:31","15.1","87.6"
"2708","1","2016-11-05 20:11:51","15.1","87.1"
"2710","1","2016-11-05 20:12:11","15.1","86.8"
"2712","1","2016-11-05 20:12:31","15.1","86.1"
"2714","1","2016-11-05 20:12:52","15.1","85.8"
"2716","1","2016-11-05 20:13:12","15","85.2"
"2718","1","2016-11-05 20:13:32","15","84.6"
"2720","1","2016-11-05 20:13:53","15","84.5"
"2722","1","2016-11-05 20:14:13","15","84.2"
"2724","1","2016-11-05 20:14:33","15","83.6"
"2726","1","2016-11-05 20:14:54","15","83.3"
"2728","1","2016-11-05 20:15:14","15","82.9"
"2730","1","2016-11-05 20:15:34","15","82.8"
"2732","1","2016-11-05 20:15:55","15","82.2"
"2734","1","2016-11-05 20:16:15","15","82.3"
"2736","1","2016-11-05 20:16:35","15","82"
"2738","1","2016-11-05 20:16:55","15","81.8"
"2740","1","2016-11-05 20:17:16","15","81.6"
"2742","1","2016-11-05 20:17:36","15","81.5"
"2744","1","2016-11-05 20:17:56","15","81.3"
"2746","1","2016-11-05 20:18:17","15","81.1"
"2748","1","2016-11-05 20:18:37","15","80.7"
"2750","1","2016-11-05 20:18:57","15","81.1"
"2752","1","2016-11-05 20:19:18","15","80.1"
"2754","1","2016-11-05 20:19:38","15","79.7"
"2756","1","2016-11-05 20:19:58","15","79.6"
"2758","1","2016-11-05 20:20:18","15","79.3"
"2760","1","2016-11-05 20:20:39","15","79.1"
"2762","1","2016-11-05 20:21:00","15","79.1"
"2764","1","2016-11-05 20:21:20","15","78.7"
"2765","1","2016-11-05 20:21:41","15","80.1"
"2766","1","2016-11-05 20:22:01","15","80.3"
"2768","1","2016-11-05 20:22:21","15","80.5"
"2770","1","2016-11-05 20:22:42","15","81.1"
"2772","1","2016-11-05 20:23:02","15","80.8"
